"outcome","predictor","variable","h_squared"
"choice_prop","stress_binary","soft_yday:tired_state",0.144254938987209
"choice_prop","stress_binary","soft_intend:alc_exp_relaxedYes",0.11268701842445
"choice_prop","stress_binary","alc_yday:tired_state",0.0859894198148291
"choice_prop","stress_binary","soft_yday:soft_today",0.0805891353448851
"choice_prop","stress_binary","soft_today:alc_exp_relaxedYes",0.0701265805879692
"choice_prop","stress_binary","alc_yday:alc_exp_relaxedYes",0.0658604456153592
"choice_prop","stress_binary","soft_today:tired_state",0.0569150368485255
"choice_prop","stress_binary","soft_yday:alc_exp_relaxedYes",0.0499801421685897
"choice_prop","stress_binary","tired_state:alc_exp_relaxedYes",0.0153449985394457
"choice_prop","stress_binary","alc_intend:alc_exp_relaxedYes",0.0139030922379881
"choice_prop","stress_binary","alc_today:soft_today",0.0136769106414229
"choice_prop","stress_binary","alc_yday:soft_intend",0.0133246191916186
"choice_prop","stress_binary","stress_binary:soft_yday",0.0129945134546994
"choice_prop","stress_binary","alc_today:alc_intend",0.0112328477956679
"choice_prop","stress_binary","alc_yday:soft_today",0.0110548102411236
"choice_prop","stress_binary","alc_yday:soft_yday",0.0109748513298003
"choice_prop","stress_binary","stress_binary:tired_state",0.0106958159648585
"choice_prop","stress_binary","alc_yday:alc_today",0.0106341025527639
"choice_prop","stress_binary","alc_intend:tired_state",0.0101460210663482
"choice_prop","stress_binary","alc_today:alc_exp_relaxedYes",0.0100886099801043
"choice_prop","stress_binary","soft_yday:alc_today",0.00993784056863562
"choice_prop","stress_binary","alc_yday:alc_craving",0.00987849686912959
"choice_prop","stress_binary","alc_today:tired_state",0.00892218704694899
"choice_prop","stress_binary","soft_yday:soft_intend",0.00879996333275693
"choice_prop","stress_binary","soft_today:soft_intend",0.00873418557538629
"choice_prop","stress_binary","stress_binary:alc_intend",0.00798600287359666
"choice_prop","stress_binary","alc_intend:soft_intend",0.00726959054614482
"choice_prop","stress_binary","soft_yday:alc_craving",0.00702699953539514
"choice_prop","stress_binary","alc_today:alc_craving",0.00680554969878342
"choice_prop","stress_binary","soft_intend:tired_state",0.0065400118953994
"choice_prop","stress_binary","alc_today:soft_intend",0.00647345598887322
"choice_prop","stress_binary","stress_binary:soft_today",0.00628904700699242
"choice_prop","stress_binary","alc_craving:alc_exp_relaxedYes",0.00581199148286183
"choice_prop","stress_binary","stress_binary:alc_exp_relaxedYes",0.00574237131482094
"choice_prop","stress_binary","alc_intend:alc_craving",0.0039895471274616
"choice_prop","stress_binary","tired_state:alc_craving",0.00381742003864346
"choice_prop","stress_binary","alc_yday:alc_intend",0.00337930820266226
"choice_prop","stress_binary","stress_binary:alc_yday",0.00334536085481519
"choice_prop","stress_binary","soft_today:alc_craving",0.00319427209503615
"choice_prop","stress_binary","soft_today:alc_intend",0.00304164335861908
"choice_prop","stress_binary","soft_yday:alc_intend",0.00274557682778778
"choice_prop","stress_binary","stress_binary:alc_today",0.001996481911446
"choice_prop","stress_binary","soft_intend:alc_craving",0.00184504979070369
"choice_prop","stress_binary","stress_binary:soft_intend",0.000976870337986467
"choice_prop","stress_binary","stress_binary:alc_craving",0.000665404030645335
"choice_prop","stress_state","soft_yday:tired_state",0.15730339282114
"choice_prop","stress_state","soft_intend:alc_exp_relaxedYes",0.105767394164328
"choice_prop","stress_state","alc_yday:tired_state",0.0805541823139938
"choice_prop","stress_state","alc_yday:soft_craving",0.0689929630035514
"choice_prop","stress_state","alc_yday:alc_exp_relaxedYes",0.0503192936329428
"choice_prop","stress_state","soft_yday:alc_exp_relaxedYes",0.0457927700886699
"choice_prop","stress_state","soft_craving:alc_exp_relaxedYes",0.033131974330035
"choice_prop","stress_state","soft_yday:bored_state",0.0202926563208546
"choice_prop","stress_state","bored_state:alc_exp_relaxedYes",0.0174558898900824
"choice_prop","stress_state","alc_intend:soft_craving",0.0161788192978781
"choice_prop","stress_state","alc_yday:soft_intend",0.0155653345353249
"choice_prop","stress_state","alc_today:alc_intend",0.0153651129682573
"choice_prop","stress_state","alc_today:soft_craving",0.0142200302649216
"choice_prop","stress_state","bored_state:soft_craving",0.0130004139099503
"choice_prop","stress_state","alc_yday:bored_state",0.0128975030604116
"choice_prop","stress_state","tired_state:alc_exp_relaxedYes",0.0113223639372662
"choice_prop","stress_state","alc_yday:alc_craving",0.010934825391165
"choice_prop","stress_state","alc_intend:alc_exp_relaxedYes",0.01001248223496
"choice_prop","stress_state","alc_intend:tired_state",0.00987182893742131
"choice_prop","stress_state","soft_yday:soft_intend",0.00924746465667563
"choice_prop","stress_state","alc_today:alc_exp_relaxedYes",0.00901017099755053
"choice_prop","stress_state","soft_yday:alc_today",0.00888071207824699
"choice_prop","stress_state","tired_state:bored_state",0.00859778500564498
"choice_prop","stress_state","alc_yday:soft_yday",0.00858830432095131
"choice_prop","stress_state","alc_today:tired_state",0.00841010243530157
"choice_prop","stress_state","alc_yday:alc_today",0.00787757707119929
"choice_prop","stress_state","alc_intend:soft_intend",0.00775791284287199
"choice_prop","stress_state","soft_yday:alc_craving",0.00705470561087425
"choice_prop","stress_state","soft_intend:bored_state",0.00700247356388018
"choice_prop","stress_state","soft_yday:soft_craving",0.00684852791555814
"choice_prop","stress_state","bored_state:alc_craving",0.0065261965179318
"choice_prop","stress_state","alc_intend:alc_craving",0.00645136347804917
"choice_prop","stress_state","soft_intend:tired_state",0.00643076486149151
"choice_prop","stress_state","alc_craving:soft_craving",0.00637848593190453
"choice_prop","stress_state","alc_today:alc_craving",0.0060046329587522
"choice_prop","stress_state","tired_state:soft_craving",0.00584330632303663
"choice_prop","stress_state","alc_intend:bored_state",0.00526244417221966
"choice_prop","stress_state","soft_intend:soft_craving",0.00476547300818898
"choice_prop","stress_state","soft_yday:alc_intend",0.00459972016151227
"choice_prop","stress_state","alc_today:soft_intend",0.00383534208675922
"choice_prop","stress_state","tired_state:alc_craving",0.00368346827575082
"choice_prop","stress_state","alc_craving:alc_exp_relaxedYes",0.00353893656269893
"choice_prop","stress_state","alc_yday:alc_intend",0.00292419555998702
"choice_prop","stress_state","soft_intend:alc_craving",0.00288557852538809
"choice_prop","stress_state","alc_today:bored_state",0.00116680029895564
"choice_prop","NA_state","soft_yday:tired_state",0.118595774002152
"choice_prop","NA_state","alc_yday:tired_state",0.0974346803070401
"choice_prop","NA_state","soft_intend:alc_exp_relaxedYes",0.0932753672415046
"choice_prop","NA_state","alc_yday:soft_craving",0.0787449427100716
"choice_prop","NA_state","alc_yday:alc_mot_enhanceYes",0.0755961062933268
"choice_prop","NA_state","tired_state:alc_mot_enhanceYes",0.0671057720974143
"choice_prop","NA_state","alc_exp_relaxedYes:alc_mot_enhanceYes",0.0575491758028221
"choice_prop","NA_state","soft_yday:alc_exp_relaxedYes",0.0511930630582982
"choice_prop","NA_state","alc_yday:alc_exp_relaxedYes",0.0482742482690944
"choice_prop","NA_state","soft_craving:alc_exp_relaxedYes",0.039269769702187
"choice_prop","NA_state","soft_yday:alc_mot_enhanceYes",0.0366419954729853
"choice_prop","NA_state","soft_craving:alc_mot_enhanceYes",0.0180172867980361
"choice_prop","NA_state","alc_intend:alc_mot_enhanceYes",0.0168419107139786
"choice_prop","NA_state","alc_intend:soft_craving",0.0154868693445906
"choice_prop","NA_state","alc_yday:soft_intend",0.0152305548735466
"choice_prop","NA_state","soft_yday:soft_craving",0.0125928481976616
"choice_prop","NA_state","soft_yday:soft_intend",0.011552820369182
"choice_prop","NA_state","tired_state:soft_craving",0.011318753822935
"choice_prop","NA_state","alc_intend:tired_state",0.0111445013368947
"choice_prop","NA_state","alc_yday:soft_yday",0.0103968000872594
"choice_prop","NA_state","alc_yday:alc_craving",0.010110163061114
"choice_prop","NA_state","alc_intend:alc_exp_relaxedYes",0.00985799364037951
"choice_prop","NA_state","alc_today:soft_craving",0.00866119663588693
"choice_prop","NA_state","alc_today:alc_intend",0.00729122451096734
"choice_prop","NA_state","alc_today:alc_craving",0.00713449718964666
"choice_prop","NA_state","alc_yday:alc_today",0.00697656960714519
"choice_prop","NA_state","soft_intend:tired_state",0.00676609396288591
"choice_prop","NA_state","tired_state:alc_exp_relaxedYes",0.00628390136924823
"choice_prop","NA_state","soft_yday:alc_today",0.00560222763983591
"choice_prop","NA_state","soft_yday:alc_craving",0.00532851602499572
"choice_prop","NA_state","alc_today:tired_state",0.0053173517472464
"choice_prop","NA_state","alc_craving:soft_craving",0.00481953578147709
"choice_prop","NA_state","alc_today:soft_intend",0.00383894328165956
"choice_prop","NA_state","alc_craving:alc_exp_relaxedYes",0.00382031474459569
"choice_prop","NA_state","alc_today:alc_exp_relaxedYes",0.00377935088559722
"choice_prop","NA_state","alc_intend:soft_intend",0.00376175459481405
"choice_prop","NA_state","alc_intend:alc_craving",0.00373747142923187
"choice_prop","NA_state","soft_yday:alc_intend",0.00318426885197076
"choice_prop","NA_state","alc_today:alc_mot_enhanceYes",0.00290163577770765
"choice_prop","NA_state","tired_state:alc_craving",0.00289809176478626
"choice_prop","NA_state","soft_intend:soft_craving",0.00289617442445447
"choice_prop","NA_state","soft_intend:alc_mot_enhanceYes",0.00194855254870046
"choice_prop","NA_state","soft_intend:alc_craving",0.00161021295557072
"choice_prop","NA_state","alc_yday:alc_intend",0.00140194205777669
"choice_prop","NA_state","alc_craving:alc_mot_enhanceYes",0.00124703840313567
"choice_prop","PA_state","soft_intend:alc_exp_relaxedYes",0.0924729227843449
"choice_prop","PA_state","alc_yday:tired_state",0.0839080739430696
"choice_prop","PA_state","soft_yday:tired_state",0.0837530279169809
"choice_prop","PA_state","PA_state:tired_state",0.0728041826876814
"choice_prop","PA_state","tired_state:alc_mot_enhanceYes",0.0603177572690228
"choice_prop","PA_state","alc_yday:alc_mot_enhanceYes",0.0571306205601195
"choice_prop","PA_state","alc_exp_relaxedYes:alc_mot_enhanceYes",0.056426178869252
"choice_prop","PA_state","alc_yday:alc_exp_relaxedYes",0.0477001079561262
"choice_prop","PA_state","soft_yday:alc_exp_relaxedYes",0.0436680839965859
"choice_prop","PA_state","PA_state:alc_exp_relaxedYes",0.026673834418619
"choice_prop","PA_state","soft_yday:alc_mot_enhanceYes",0.0212122457746963
"choice_prop","PA_state","alc_yday:soft_yday",0.0192875292576689
"choice_prop","PA_state","PA_state:soft_yday",0.0192193832633809
"choice_prop","PA_state","tired_state:alc_exp_relaxedYes",0.0179449902629186
"choice_prop","PA_state","PA_state:alc_yday",0.0176290695522838
"choice_prop","PA_state","PA_state:alc_mot_enhanceYes",0.0148754065274295
"choice_prop","PA_state","alc_yday:soft_intend",0.0133011201145941
"choice_prop","PA_state","alc_intend:alc_mot_enhanceYes",0.0130537829376858
"choice_prop","PA_state","alc_intend:alc_exp_relaxedYes",0.0116220110091405
"choice_prop","PA_state","alc_intend:tired_state",0.010188437642527
"choice_prop","PA_state","alc_today:alc_intend",0.0100116121733233
"choice_prop","PA_state","alc_yday:alc_craving",0.00945617711884773
"choice_prop","PA_state","soft_yday:soft_intend",0.00792033883778826
"choice_prop","PA_state","alc_yday:alc_today",0.00744924880469289
"choice_prop","PA_state","soft_yday:alc_today",0.00701973861716224
"choice_prop","PA_state","PA_state:alc_today",0.00630332295186037
"choice_prop","PA_state","alc_today:alc_craving",0.00542254363716512
"choice_prop","PA_state","soft_yday:alc_craving",0.00490217888620541
"choice_prop","PA_state","alc_intend:soft_intend",0.00442674382616011
"choice_prop","PA_state","soft_intend:tired_state",0.00436481521859244
"choice_prop","PA_state","alc_intend:alc_craving",0.00423150726856434
"choice_prop","PA_state","alc_today:soft_intend",0.00412860074501633
"choice_prop","PA_state","alc_craving:alc_exp_relaxedYes",0.0041244360693772
"choice_prop","PA_state","PA_state:alc_intend",0.00397759427812405
"choice_prop","PA_state","alc_today:alc_exp_relaxedYes",0.00383809179465285
"choice_prop","PA_state","alc_today:tired_state",0.00345547905357991
"choice_prop","PA_state","soft_yday:alc_intend",0.00328483012530626
"choice_prop","PA_state","tired_state:alc_craving",0.00265497680436504
"choice_prop","PA_state","alc_today:alc_mot_enhanceYes",0.00261345659750105
"choice_prop","PA_state","soft_intend:alc_mot_enhanceYes",0.00228641244987621
"choice_prop","PA_state","soft_intend:alc_craving",0.00220155238248404
"choice_prop","PA_state","PA_state:soft_intend",0.00202821885580548
"choice_prop","PA_state","alc_yday:alc_intend",0.00179121013750532
"choice_prop","PA_state","alc_craving:alc_mot_enhanceYes",0.00104767421820653
"choice_prop","PA_state","PA_state:alc_craving",0.000638153358101784
"median_rt","stress_binary","soft_yday:soft_today",1.08283576268452
"median_rt","stress_binary","alc_today:alc_intend",0.139666044512411
"median_rt","stress_binary","soft_today:alc_intend",0.138655841836558
"median_rt","stress_binary","alc_yday:soft_today",0.123155269851035
"median_rt","stress_binary","alc_intend:tired_state",0.11818966574467
"median_rt","stress_binary","soft_yday:alc_intend",0.088249694044096
"median_rt","stress_binary","alc_intend:alc_exp_relaxedYes",0.085496474960205
"median_rt","stress_binary","alc_craving:alc_exp_relaxedYes",0.0732157413313484
"median_rt","stress_binary","alc_intend:bored_state",0.0582812436245343
"median_rt","stress_binary","alc_today:soft_today",0.0581088803866603
"median_rt","stress_binary","alc_yday:soft_yday",0.0561716204899005
"median_rt","stress_binary","thirst_state:tired_state",0.0496578274714948
"median_rt","stress_binary","alc_yday:tired_state",0.0460421857320097
"median_rt","stress_binary","thirst_state:alc_exp_relaxedYes",0.0408633612217898
"median_rt","stress_binary","soft_yday:alc_today",0.0394769927301261
"median_rt","stress_binary","soft_today:alc_exp_relaxedYes",0.0364041347329985
"median_rt","stress_binary","soft_yday:alc_exp_relaxedYes",0.0339522177005168
"median_rt","stress_binary","alc_yday:alc_today",0.0320559146811918
"median_rt","stress_binary","soft_yday:bored_state",0.0313201423299475
"median_rt","stress_binary","alc_intend:thirst_state",0.0312789838142087
"median_rt","stress_binary","alc_yday:alc_exp_relaxedYes",0.0295561665853588
"median_rt","stress_binary","tired_state:bored_state",0.0268290979916019
"median_rt","stress_binary","thirst_state:bored_state",0.0253052058131235
"median_rt","stress_binary","soft_yday:thirst_state",0.0241673401178201
"median_rt","stress_binary","bored_state:alc_exp_relaxedYes",0.023352367236219
"median_rt","stress_binary","alc_today:thirst_state",0.0215382254359395
"median_rt","stress_binary","alc_intend:alc_craving",0.0204998926997507
"median_rt","stress_binary","soft_today:bored_state",0.0191980795487085
"median_rt","stress_binary","alc_today:bored_state",0.0191552081582456
"median_rt","stress_binary","alc_today:alc_exp_relaxedYes",0.0186159727044197
"median_rt","stress_binary","alc_today:tired_state",0.0172897719891817
"median_rt","stress_binary","alc_today:alc_craving",0.0157158035396764
"median_rt","stress_binary","thirst_state:alc_craving",0.0151297499507074
"median_rt","stress_binary","tired_state:alc_craving",0.0125094855825839
"median_rt","stress_binary","soft_yday:tired_state",0.0120785392175091
"median_rt","stress_binary","alc_yday:alc_craving",0.0112734032718392
"median_rt","stress_binary","alc_yday:thirst_state",0.00914835974561736
"median_rt","stress_binary","soft_yday:alc_craving",0.00903822847468151
"median_rt","stress_binary","alc_yday:bored_state",0.00895350188234631
"median_rt","stress_binary","bored_state:alc_craving",0.00758482197216461
"median_rt","stress_binary","alc_yday:alc_intend",0.00751791892975408
"median_rt","stress_binary","soft_today:tired_state",0.00732800353838114
"median_rt","stress_binary","tired_state:alc_exp_relaxedYes",0.00500418837477055
"median_rt","stress_binary","soft_today:alc_craving",0.00307424945233507
"median_rt","stress_binary","soft_today:thirst_state",0.00283480632990463
"median_rt","stress_state","soft_yday:soft_today",1.04976421230721
"median_rt","stress_state","alc_today:alc_intend",0.18417666993148
"median_rt","stress_state","alc_yday:soft_today",0.134623529645797
"median_rt","stress_state","alc_intend:tired_state",0.127978666131344
"median_rt","stress_state","soft_yday:alc_intend",0.089420800571176
"median_rt","stress_state","soft_today:alc_intend",0.0867519494661655
"median_rt","stress_state","alc_yday:soft_yday",0.0861077577179859
"median_rt","stress_state","soft_yday:alc_today",0.07277726506983
"median_rt","stress_state","alc_intend:alc_exp_relaxedYes",0.0682354021749797
"median_rt","stress_state","alc_today:soft_today",0.0675342741722023
"median_rt","stress_state","alc_yday:alc_today",0.0614312017695297
"median_rt","stress_state","alc_intend:bored_state",0.0575516596080994
"median_rt","stress_state","alc_yday:tired_state",0.0502936620975289
"median_rt","stress_state","alc_intend:thirst_state",0.0406264009056003
"median_rt","stress_state","thirst_state:tired_state",0.0392416695632655
"median_rt","stress_state","soft_today:alc_exp_relaxedYes",0.0373264980755659
"median_rt","stress_state","alc_yday:alc_exp_relaxedYes",0.0331115442270041
"median_rt","stress_state","stress_state:alc_yday",0.0262206894517747
"median_rt","stress_state","thirst_state:alc_exp_relaxedYes",0.02511684187355
"median_rt","stress_state","stress_state:soft_yday",0.0242946053045688
"median_rt","stress_state","soft_yday:alc_exp_relaxedYes",0.0234292495306539
"median_rt","stress_state","alc_yday:alc_intend",0.0230753227404813
"median_rt","stress_state","soft_yday:bored_state",0.0229172980983564
"median_rt","stress_state","alc_today:thirst_state",0.0206076034082053
"median_rt","stress_state","alc_today:bored_state",0.0202862172713857
"median_rt","stress_state","thirst_state:bored_state",0.0202771238971515
"median_rt","stress_state","soft_yday:thirst_state",0.0199298627037379
"median_rt","stress_state","alc_today:alc_exp_relaxedYes",0.0168220621824083
"median_rt","stress_state","stress_state:thirst_state",0.0165271981883523
"median_rt","stress_state","alc_today:tired_state",0.0160255225573941
"median_rt","stress_state","soft_today:bored_state",0.0135820579222724
"median_rt","stress_state","tired_state:bored_state",0.0134431931927949
"median_rt","stress_state","bored_state:alc_exp_relaxedYes",0.0132826287796385
"median_rt","stress_state","tired_state:alc_exp_relaxedYes",0.0118856319144732
"median_rt","stress_state","alc_yday:thirst_state",0.0104645754589211
"median_rt","stress_state","stress_state:alc_today",0.010112579091664
"median_rt","stress_state","soft_today:tired_state",0.00963847949654296
"median_rt","stress_state","stress_state:bored_state",0.00961653136352867
"median_rt","stress_state","stress_state:alc_intend",0.00942076679127982
"median_rt","stress_state","alc_yday:bored_state",0.00922345331610725
"median_rt","stress_state","stress_state:tired_state",0.00825956835871687
"median_rt","stress_state","stress_state:alc_exp_relaxedYes",0.0043443745186493
"median_rt","stress_state","soft_today:thirst_state",0.0036130985798396
"median_rt","stress_state","soft_yday:tired_state",0.00303676289532307
"median_rt","stress_state","stress_state:soft_today",0.00109971326602001
"median_rt","NA_state","soft_yday:soft_today",1.30666045140518
"median_rt","NA_state","alc_today:alc_intend",0.14585268347166
"median_rt","NA_state","alc_intend:tired_state",0.127780914521278
"median_rt","NA_state","alc_yday:soft_today",0.102203432892259
"median_rt","NA_state","soft_yday:alc_intend",0.0950297694253706
"median_rt","NA_state","soft_today:alc_intend",0.0947089247936868
"median_rt","NA_state","alc_intend:alc_exp_relaxedYes",0.0748443658927634
"median_rt","NA_state","alc_yday:soft_yday",0.0745243221437067
"median_rt","NA_state","soft_yday:alc_today",0.0534161871960513
"median_rt","NA_state","alc_today:soft_today",0.0515855708595963
"median_rt","NA_state","soft_yday:responsibilityYes",0.0458289808866042
"median_rt","NA_state","alc_today:soft_intend",0.0413001611839894
"median_rt","NA_state","alc_yday:tired_state",0.0405972401857629
"median_rt","NA_state","soft_today:alc_exp_relaxedYes",0.0399962975014689
"median_rt","NA_state","alc_yday:alc_today",0.039990985582909
"median_rt","NA_state","alc_intend:thirst_state",0.0356389551522943
"median_rt","NA_state","soft_intend:alc_exp_relaxedYes",0.0348195196518083
"median_rt","NA_state","thirst_state:alc_exp_relaxedYes",0.0345165626881904
"median_rt","NA_state","soft_yday:soft_intend",0.0323373318938756
"median_rt","NA_state","thirst_state:tired_state",0.0314234317906076
"median_rt","NA_state","soft_yday:thirst_state",0.0304391794492846
"median_rt","NA_state","soft_intend:thirst_state",0.0303135852473084
"median_rt","NA_state","alc_yday:alc_exp_relaxedYes",0.0286065986017149
"median_rt","NA_state","soft_yday:alc_exp_relaxedYes",0.028032571179828
"median_rt","NA_state","alc_today:thirst_state",0.0230299479577105
"median_rt","NA_state","alc_yday:soft_intend",0.022662509814033
"median_rt","NA_state","alc_today:responsibilityYes",0.0188144588209053
"median_rt","NA_state","alc_today:alc_exp_relaxedYes",0.0170556402721977
"median_rt","NA_state","alc_intend:soft_intend",0.0159657440228526
"median_rt","NA_state","alc_exp_relaxedYes:responsibilityYes",0.0154525512617545
"median_rt","NA_state","soft_intend:tired_state",0.0151571651140259
"median_rt","NA_state","alc_today:tired_state",0.0147872349055771
"median_rt","NA_state","alc_intend:responsibilityYes",0.0147445004676409
"median_rt","NA_state","tired_state:alc_exp_relaxedYes",0.00789809835101559
"median_rt","NA_state","alc_yday:responsibilityYes",0.00775765845705236
"median_rt","NA_state","alc_yday:thirst_state",0.00718031934834798
"median_rt","NA_state","thirst_state:responsibilityYes",0.00685341104063644
"median_rt","NA_state","soft_today:tired_state",0.00605349795434301
"median_rt","NA_state","alc_yday:alc_intend",0.00529574132920758
"median_rt","NA_state","soft_yday:tired_state",0.00457288722465169
"median_rt","NA_state","soft_today:responsibilityYes",0.00354853810833827
"median_rt","NA_state","soft_intend:responsibilityYes",0.00311755326028322
"median_rt","NA_state","soft_today:soft_intend",0.002917441936278
"median_rt","NA_state","tired_state:responsibilityYes",0.00279274329791272
"median_rt","NA_state","soft_today:thirst_state",0.00224052314277867
"median_rt","PA_state","soft_yday:soft_today",0.978094153537902
"median_rt","PA_state","alc_today:alc_intend",0.130464564744508
"median_rt","PA_state","soft_today:alc_intend",0.106579769160867
"median_rt","PA_state","soft_yday:alc_intend",0.103613713004815
"median_rt","PA_state","alc_yday:soft_today",0.101998516760996
"median_rt","PA_state","alc_intend:tired_state",0.098527631924379
"median_rt","PA_state","alc_intend:alc_exp_relaxedYes",0.0640094817544729
"median_rt","PA_state","alc_yday:soft_yday",0.0607076710622357
"median_rt","PA_state","alc_today:soft_today",0.0562278408435398
"median_rt","PA_state","soft_yday:alc_today",0.0540879244505517
"median_rt","PA_state","alc_intend:bored_state",0.0524423088112765
"median_rt","PA_state","soft_yday:responsibilityYes",0.0517057885954819
"median_rt","PA_state","soft_today:alc_exp_relaxedYes",0.0493608578402826
"median_rt","PA_state","soft_yday:alc_exp_relaxedYes",0.0362412282446583
"median_rt","PA_state","alc_yday:alc_today",0.0332522721853618
"median_rt","PA_state","alc_intend:thirst_state",0.0323973247819257
"median_rt","PA_state","thirst_state:alc_exp_relaxedYes",0.0322020564453087
"median_rt","PA_state","soft_yday:bored_state",0.0283919293382982
"median_rt","PA_state","thirst_state:bored_state",0.0269984677253362
"median_rt","PA_state","alc_yday:tired_state",0.0265733915184252
"median_rt","PA_state","thirst_state:tired_state",0.0239488788709143
"median_rt","PA_state","alc_today:thirst_state",0.0236465963105125
"median_rt","PA_state","soft_yday:thirst_state",0.0234510619167394
"median_rt","PA_state","bored_state:alc_exp_relaxedYes",0.0194023843846878
"median_rt","PA_state","soft_today:bored_state",0.018964489281795
"median_rt","PA_state","alc_yday:alc_exp_relaxedYes",0.0171870003854103
"median_rt","PA_state","alc_today:responsibilityYes",0.0159207679333735
"median_rt","PA_state","alc_intend:responsibilityYes",0.015294016099105
"median_rt","PA_state","alc_today:tired_state",0.0142624206358183
"median_rt","PA_state","alc_yday:responsibilityYes",0.01365388037463
"median_rt","PA_state","thirst_state:responsibilityYes",0.0130502955766505
"median_rt","PA_state","tired_state:bored_state",0.0124567627511924
"median_rt","PA_state","alc_exp_relaxedYes:responsibilityYes",0.0121949462023895
"median_rt","PA_state","alc_yday:alc_intend",0.0117231200754506
"median_rt","PA_state","tired_state:alc_exp_relaxedYes",0.0117029580273593
"median_rt","PA_state","alc_today:bored_state",0.0111367871059293
"median_rt","PA_state","alc_today:alc_exp_relaxedYes",0.0110078654879607
"median_rt","PA_state","soft_yday:tired_state",0.00740459280781186
"median_rt","PA_state","alc_yday:thirst_state",0.0071314827786188
"median_rt","PA_state","soft_today:responsibilityYes",0.00625420410363723
"median_rt","PA_state","alc_yday:bored_state",0.00572052217288461
"median_rt","PA_state","soft_today:tired_state",0.00497809644698729
"median_rt","PA_state","tired_state:responsibilityYes",0.00269647657129607
"median_rt","PA_state","soft_today:thirst_state",0.00233401473710107
"median_rt","PA_state","bored_state:responsibilityYes",0.00204973215428077
"drift","stress_binary","alc_yday:alc_exp_relaxedYes",0.322088826787963
"drift","stress_binary","alc_yday:tired_state",0.186890688815461
"drift","stress_binary","alc_yday:soft_yday",0.128084542523635
"drift","stress_binary","soft_yday:tired_state",0.126228149130697
"drift","stress_binary","thirst_state:alc_exp_relaxedYes",0.0862122722603211
"drift","stress_binary","alc_intend:alc_exp_relaxedYes",0.0679117725032069
"drift","stress_binary","soft_intend:alc_craving",0.0609801499346513
"drift","stress_binary","soft_today:alc_craving",0.0562830595899873
"drift","stress_binary","soft_intend:tired_state",0.0542119435023358
"drift","stress_binary","alc_yday:thirst_state",0.0489015517339595
"drift","stress_binary","alc_yday:bored_state",0.0401267768364254
"drift","stress_binary","soft_yday:alc_exp_relaxedYes",0.0391143088178549
"drift","stress_binary","soft_today:tired_state",0.0385964243989647
"drift","stress_binary","soft_yday:thirst_state",0.0336789987868169
"drift","stress_binary","alc_yday:alc_intend",0.0329938427334179
"drift","stress_binary","alc_yday:alc_craving",0.0325072132238505
"drift","stress_binary","alc_intend:alc_craving",0.032305709663679
"drift","stress_binary","alc_craving:alc_exp_relaxedYes",0.0311394173961442
"drift","stress_binary","soft_intend:thirst_state",0.0301740302620298
"drift","stress_binary","alc_yday:soft_intend",0.0301235345034192
"drift","stress_binary","thirst_state:bored_state",0.0292297922949343
"drift","stress_binary","tired_state:alc_exp_relaxedYes",0.0266055315139554
"drift","stress_binary","soft_today:thirst_state",0.0263327670351422
"drift","stress_binary","tired_state:alc_craving",0.0255422673631275
"drift","stress_binary","soft_yday:alc_intend",0.025121550797233
"drift","stress_binary","soft_intend:alc_exp_relaxedYes",0.0230920478217182
"drift","stress_binary","soft_yday:soft_intend",0.0217457099541021
"drift","stress_binary","thirst_state:alc_craving",0.0213384937626286
"drift","stress_binary","alc_yday:soft_today",0.0210997454041421
"drift","stress_binary","alc_intend:thirst_state",0.0204981065385416
"drift","stress_binary","soft_today:alc_exp_relaxedYes",0.0188951875262023
"drift","stress_binary","soft_intend:bored_state",0.0188529204010785
"drift","stress_binary","soft_yday:soft_today",0.0182077145947022
"drift","stress_binary","alc_intend:bored_state",0.0180570040311384
"drift","stress_binary","alc_intend:soft_intend",0.0175053889452133
"drift","stress_binary","soft_today:alc_intend",0.0174208605672561
"drift","stress_binary","alc_intend:tired_state",0.0169821741281369
"drift","stress_binary","soft_yday:bored_state",0.0164290751113451
"drift","stress_binary","soft_yday:alc_craving",0.0162428869935502
"drift","stress_binary","bored_state:alc_exp_relaxedYes",0.0125836337627784
"drift","stress_binary","tired_state:bored_state",0.0114345260150924
"drift","stress_binary","thirst_state:tired_state",0.00892387180139847
"drift","stress_binary","soft_today:soft_intend",0.00810009964318998
"drift","stress_binary","soft_today:bored_state",0.00743062333716589
"drift","stress_binary","bored_state:alc_craving",0.00338743496718702
"drift","stress_state","alc_yday:alc_exp_relaxedYes",0.268277271131084
"drift","stress_state","soft_yday:tired_state",0.154457306997939
"drift","stress_state","alc_yday:tired_state",0.147596567384482
"drift","stress_state","alc_yday:soft_yday",0.0867729303217643
"drift","stress_state","stress_state:soft_yday",0.0786428300893038
"drift","stress_state","stress_state:thirst_state",0.0573835316608817
"drift","stress_state","thirst_state:alc_exp_relaxedYes",0.0531136271124596
"drift","stress_state","soft_intend:tired_state",0.0506037390448784
"drift","stress_state","soft_intend:alc_craving",0.0500689451059226
"drift","stress_state","alc_intend:alc_exp_relaxedYes",0.0459317247864302
"drift","stress_state","alc_craving:alc_exp_relaxedYes",0.0448938520630237
"drift","stress_state","alc_yday:soft_intend",0.042644911825924
"drift","stress_state","soft_yday:alc_exp_relaxedYes",0.041406792445333
"drift","stress_state","soft_today:alc_craving",0.0389016903007462
"drift","stress_state","stress_state:alc_intend",0.0381973969370948
"drift","stress_state","soft_today:tired_state",0.0373129637793409
"drift","stress_state","alc_yday:alc_craving",0.036756814292069
"drift","stress_state","alc_yday:alc_intend",0.0340218369243377
"drift","stress_state","alc_yday:thirst_state",0.0335859150493731
"drift","stress_state","alc_intend:tired_state",0.0288052299133819
"drift","stress_state","soft_yday:alc_intend",0.0283238465372003
"drift","stress_state","soft_intend:alc_exp_relaxedYes",0.028047619173425
"drift","stress_state","soft_yday:thirst_state",0.0271615214923295
"drift","stress_state","alc_intend:alc_craving",0.0240804215833486
"drift","stress_state","tired_state:alc_craving",0.0232759975801717
"drift","stress_state","soft_today:thirst_state",0.0209168945769073
"drift","stress_state","tired_state:alc_exp_relaxedYes",0.0208274636914675
"drift","stress_state","thirst_state:alc_craving",0.0196757647896935
"drift","stress_state","alc_intend:soft_intend",0.0189334545167502
"drift","stress_state","alc_yday:soft_today",0.0187544765858109
"drift","stress_state","soft_intend:thirst_state",0.0177857128216308
"drift","stress_state","soft_today:alc_exp_relaxedYes",0.0174964573866791
"drift","stress_state","stress_state:soft_intend",0.0170880616004562
"drift","stress_state","soft_today:alc_intend",0.015862295424457
"drift","stress_state","soft_yday:soft_intend",0.0154902618957061
"drift","stress_state","stress_state:alc_exp_relaxedYes",0.0151570175388113
"drift","stress_state","stress_state:soft_today",0.0146655435845034
"drift","stress_state","soft_yday:alc_craving",0.0142608183273694
"drift","stress_state","stress_state:tired_state",0.0133436958382118
"drift","stress_state","stress_state:alc_yday",0.0124781311516371
"drift","stress_state","stress_state:alc_craving",0.00807088230806841
"drift","stress_state","alc_intend:thirst_state",0.00770391751200322
"drift","stress_state","soft_yday:soft_today",0.00670108880160534
"drift","stress_state","soft_today:soft_intend",0.00650820259166431
"drift","stress_state","thirst_state:tired_state",0.00640152597620987
"drift","NA_state","alc_yday:alc_exp_relaxedYes",0.342141412487774
"drift","NA_state","alc_yday:tired_state",0.163937994155739
"drift","NA_state","soft_yday:tired_state",0.123382700234211
"drift","NA_state","soft_today:alc_craving",0.0895565483979794
"drift","NA_state","soft_intend:alc_craving",0.0670293719223811
"drift","NA_state","alc_intend:alc_exp_relaxedYes",0.066588266813133
"drift","NA_state","NA_state:soft_yday",0.0645216113262658
"drift","NA_state","NA_state:thirst_state",0.0627402941999108
"drift","NA_state","thirst_state:alc_exp_relaxedYes",0.0618762845815189
"drift","NA_state","NA_state:tired_state",0.0560652896607924
"drift","NA_state","alc_yday:soft_yday",0.0542713283257405
"drift","NA_state","alc_yday:soft_intend",0.0468646831496438
"drift","NA_state","soft_yday:alc_exp_relaxedYes",0.0455083740200686
"drift","NA_state","alc_yday:alc_craving",0.044652441812359
"drift","NA_state","soft_today:tired_state",0.0440650375961044
"drift","NA_state","alc_yday:alc_intend",0.0433475956842031
"drift","NA_state","alc_craving:alc_exp_relaxedYes",0.0389106769752429
"drift","NA_state","soft_intend:thirst_state",0.0368990364392624
"drift","NA_state","alc_yday:thirst_state",0.0360730614804002
"drift","NA_state","soft_intend:tired_state",0.0349865567164393
"drift","NA_state","alc_intend:alc_craving",0.0337838125794209
"drift","NA_state","NA_state:soft_intend",0.0335651110428773
"drift","NA_state","soft_yday:soft_intend",0.0333132126933148
"drift","NA_state","soft_yday:alc_intend",0.0298312604522416
"drift","NA_state","soft_intend:alc_exp_relaxedYes",0.029356187875794
"drift","NA_state","tired_state:alc_exp_relaxedYes",0.0286999117906324
"drift","NA_state","alc_intend:tired_state",0.02583957527052
"drift","NA_state","NA_state:alc_intend",0.025261731561094
"drift","NA_state","NA_state:soft_today",0.0236203052750141
"drift","NA_state","soft_today:alc_intend",0.0233883892999072
"drift","NA_state","soft_yday:thirst_state",0.0229918944105368
"drift","NA_state","soft_today:alc_exp_relaxedYes",0.0218521300091871
"drift","NA_state","NA_state:alc_yday",0.0197109954901356
"drift","NA_state","thirst_state:alc_craving",0.0191935715006927
"drift","NA_state","tired_state:alc_craving",0.0180146799621438
"drift","NA_state","alc_yday:soft_today",0.0172804256412695
"drift","NA_state","NA_state:alc_craving",0.0155702012843833
"drift","NA_state","soft_today:thirst_state",0.0148686749356275
"drift","NA_state","alc_intend:thirst_state",0.0146333605695239
"drift","NA_state","alc_intend:soft_intend",0.0140334612935753
"drift","NA_state","soft_yday:alc_craving",0.0122659168375277
"drift","NA_state","NA_state:alc_exp_relaxedYes",0.0117293153618129
"drift","NA_state","soft_yday:soft_today",0.00995357398648296
"drift","NA_state","thirst_state:tired_state",0.00992166053122173
"drift","NA_state","soft_today:soft_intend",0.00717362147590199
"drift","PA_state","alc_yday:alc_exp_relaxedYes",0.311140433422509
"drift","PA_state","alc_yday:tired_state",0.161740203540757
"drift","PA_state","soft_yday:tired_state",0.132184706881676
"drift","PA_state","alc_yday:soft_yday",0.091774047733368
"drift","PA_state","soft_today:alc_craving",0.0855501446684463
"drift","PA_state","thirst_state:alc_exp_relaxedYes",0.0793708474551704
"drift","PA_state","soft_intend:alc_craving",0.0793297671496857
"drift","PA_state","PA_state:alc_exp_relaxedYes",0.0670055495600049
"drift","PA_state","alc_yday:soft_intend",0.0589686021462967
"drift","PA_state","alc_intend:alc_exp_relaxedYes",0.0558932117796575
"drift","PA_state","soft_intend:tired_state",0.0534647134390999
"drift","PA_state","soft_intend:thirst_state",0.0523162385292531
"drift","PA_state","PA_state:alc_yday",0.0483692939984621
"drift","PA_state","alc_yday:alc_craving",0.045774580879003
"drift","PA_state","soft_today:tired_state",0.0450926849814132
"drift","PA_state","alc_yday:alc_intend",0.04494200233291
"drift","PA_state","soft_yday:alc_exp_relaxedYes",0.0391484275039697
"drift","PA_state","PA_state:thirst_state",0.0386888012145829
"drift","PA_state","soft_intend:alc_exp_relaxedYes",0.0384935254207644
"drift","PA_state","alc_intend:alc_craving",0.0358527051053002
"drift","PA_state","thirst_state:alc_craving",0.0307938980884857
"drift","PA_state","alc_intend:tired_state",0.0302871209340869
"drift","PA_state","alc_craving:alc_exp_relaxedYes",0.0301568471441602
"drift","PA_state","soft_yday:alc_intend",0.0284720672479816
"drift","PA_state","soft_yday:soft_intend",0.027267575625405
"drift","PA_state","PA_state:soft_yday",0.0261971470172228
"drift","PA_state","soft_yday:thirst_state",0.02423812246143
"drift","PA_state","soft_yday:alc_craving",0.0235741565356772
"drift","PA_state","tired_state:alc_exp_relaxedYes",0.0216581557667822
"drift","PA_state","soft_today:alc_intend",0.0212061501919822
"drift","PA_state","alc_yday:thirst_state",0.0207128681472766
"drift","PA_state","PA_state:soft_today",0.0203489011709579
"drift","PA_state","tired_state:alc_craving",0.019294409357877
"drift","PA_state","soft_today:thirst_state",0.019146808189844
"drift","PA_state","PA_state:alc_craving",0.0163194876771245
"drift","PA_state","alc_intend:soft_intend",0.0162668861651131
"drift","PA_state","alc_intend:thirst_state",0.0156686056128223
"drift","PA_state","thirst_state:tired_state",0.0155653714542026
"drift","PA_state","soft_today:alc_exp_relaxedYes",0.014210792213489
"drift","PA_state","PA_state:tired_state",0.0129799701759469
"drift","PA_state","alc_yday:soft_today",0.0128582433492447
"drift","PA_state","soft_yday:soft_today",0.0115979540478939
"drift","PA_state","PA_state:alc_intend",0.00965261578167548
"drift","PA_state","soft_today:soft_intend",0.0081128272451091
"drift","PA_state","PA_state:soft_intend",0.00769101864978523
"alcbias","stress_binary","soft_yday:tired_state",0.108133308895309
"alcbias","stress_binary","alc_yday:alc_exp_relaxedYes",0.0934442862555934
"alcbias","stress_binary","alc_yday:tired_state",0.0909939910524301
"alcbias","stress_binary","tired_state:alc_mot_enhanceYes",0.0676760929613668
"alcbias","stress_binary","soft_intend:alc_exp_relaxedYes",0.0662694713502759
"alcbias","stress_binary","alc_yday:alc_mot_enhanceYes",0.0546776841007838
"alcbias","stress_binary","alc_exp_relaxedYes:alc_mot_enhanceYes",0.0284239903568867
"alcbias","stress_binary","soft_yday:alc_mot_enhanceYes",0.0263886091440529
"alcbias","stress_binary","alc_today:alc_intend",0.0249046059164307
"alcbias","stress_binary","soft_yday:alc_exp_relaxedYes",0.0237244719496789
"alcbias","stress_binary","bored_state:alc_mot_enhanceYes",0.0186685941345097
"alcbias","stress_binary","tired_state:bored_state",0.0186449646128535
"alcbias","stress_binary","alc_intend:alc_mot_enhanceYes",0.0169391140780807
"alcbias","stress_binary","alc_intend:tired_state",0.0164667871430236
"alcbias","stress_binary","alc_today:soft_intend",0.0156680303175862
"alcbias","stress_binary","alc_yday:alc_today",0.0128909067522301
"alcbias","stress_binary","soft_intend:tired_state",0.0126027833926741
"alcbias","stress_binary","soft_intend:alc_craving",0.0123031798326971
"alcbias","stress_binary","alc_yday:bored_state",0.0118577904005655
"alcbias","stress_binary","alc_today:tired_state",0.0118189982611718
"alcbias","stress_binary","alc_intend:soft_intend",0.00989913039658774
"alcbias","stress_binary","alc_today:alc_exp_relaxedYes",0.00983936287118717
"alcbias","stress_binary","alc_yday:alc_craving",0.00958144141945938
"alcbias","stress_binary","alc_yday:soft_yday",0.00887665145206076
"alcbias","stress_binary","alc_intend:alc_craving",0.00885201375315212
"alcbias","stress_binary","soft_yday:soft_intend",0.00850295984122718
"alcbias","stress_binary","tired_state:alc_exp_relaxedYes",0.00817881014056028
"alcbias","stress_binary","bored_state:alc_exp_relaxedYes",0.00802030800052008
"alcbias","stress_binary","soft_intend:bored_state",0.00791111840632222
"alcbias","stress_binary","alc_today:alc_craving",0.00759040725427695
"alcbias","stress_binary","bored_state:alc_craving",0.00738591741118195
"alcbias","stress_binary","soft_yday:alc_intend",0.00672513185954152
"alcbias","stress_binary","alc_intend:alc_exp_relaxedYes",0.00666903910671894
"alcbias","stress_binary","soft_yday:alc_today",0.0056311543087634
"alcbias","stress_binary","alc_yday:soft_intend",0.00560162876207028
"alcbias","stress_binary","tired_state:alc_craving",0.00481388056276007
"alcbias","stress_binary","soft_yday:bored_state",0.00472739070205625
"alcbias","stress_binary","alc_today:alc_mot_enhanceYes",0.00438041397028919
"alcbias","stress_binary","alc_intend:bored_state",0.00429976132779484
"alcbias","stress_binary","alc_yday:alc_intend",0.00387879928106251
"alcbias","stress_binary","soft_yday:alc_craving",0.00340473690555931
"alcbias","stress_binary","alc_craving:alc_mot_enhanceYes",0.00255742344837065
"alcbias","stress_binary","soft_intend:alc_mot_enhanceYes",0.00245210296721088
"alcbias","stress_binary","alc_craving:alc_exp_relaxedYes",0.00177739142754227
"alcbias","stress_binary","alc_today:bored_state",0.000679873373756641
"alcbias","stress_state","alc_yday:tired_state",0.121846070049296
"alcbias","stress_state","soft_yday:tired_state",0.0812538715480304
"alcbias","stress_state","alc_yday:alc_exp_relaxedYes",0.0751171646414473
"alcbias","stress_state","soft_intend:alc_exp_relaxedYes",0.0455855862897376
"alcbias","stress_state","alc_yday:soft_craving",0.0397760388689483
"alcbias","stress_state","alc_today:alc_intend",0.0348990041468888
"alcbias","stress_state","soft_yday:alc_exp_relaxedYes",0.024155768358718
"alcbias","stress_state","stress_state:tired_state",0.0190970732398897
"alcbias","stress_state","stress_state:soft_yday",0.0175088089438784
"alcbias","stress_state","alc_intend:soft_intend",0.0173888924492705
"alcbias","stress_state","alc_intend:tired_state",0.0168408698309443
"alcbias","stress_state","alc_intend:alc_craving",0.0165473440181363
"alcbias","stress_state","alc_today:soft_craving",0.015500390603939
"alcbias","stress_state","tired_state:alc_exp_relaxedYes",0.0150686240019973
"alcbias","stress_state","alc_yday:alc_craving",0.0143498002089838
"alcbias","stress_state","alc_intend:soft_craving",0.0143260600929416
"alcbias","stress_state","soft_craving:alc_exp_relaxedYes",0.0141336080195071
"alcbias","stress_state","soft_intend:alc_craving",0.0135580775245506
"alcbias","stress_state","alc_yday:soft_yday",0.0135196002219343
"alcbias","stress_state","soft_yday:alc_intend",0.0129042833230578
"alcbias","stress_state","stress_state:alc_exp_relaxedYes",0.0127711334261803
"alcbias","stress_state","alc_yday:alc_today",0.0120652366034346
"alcbias","stress_state","alc_today:soft_intend",0.0119613621116349
"alcbias","stress_state","stress_state:soft_craving",0.0111600857723181
"alcbias","stress_state","alc_today:tired_state",0.010936352798448
"alcbias","stress_state","stress_state:alc_yday",0.0102808395040423
"alcbias","stress_state","alc_today:alc_craving",0.00972616687577509
"alcbias","stress_state","stress_state:alc_intend",0.00905763926678782
"alcbias","stress_state","soft_intend:tired_state",0.00883517212907206
"alcbias","stress_state","tired_state:soft_craving",0.00864424918423146
"alcbias","stress_state","alc_craving:soft_craving",0.00829117653137835
"alcbias","stress_state","soft_yday:soft_intend",0.00806725323801681
"alcbias","stress_state","alc_today:alc_exp_relaxedYes",0.00801696293934702
"alcbias","stress_state","alc_yday:soft_intend",0.0063401595787603
"alcbias","stress_state","soft_yday:alc_today",0.00624582268138043
"alcbias","stress_state","alc_yday:alc_intend",0.00517275430335316
"alcbias","stress_state","soft_yday:alc_craving",0.00510232837635233
"alcbias","stress_state","soft_intend:soft_craving",0.00495799933478566
"alcbias","stress_state","tired_state:alc_craving",0.00475850396735716
"alcbias","stress_state","alc_intend:alc_exp_relaxedYes",0.00415497800105756
"alcbias","stress_state","soft_yday:soft_craving",0.00350515451669203
"alcbias","stress_state","stress_state:soft_intend",0.00339872831542967
"alcbias","stress_state","stress_state:alc_today",0.00263292543600725
"alcbias","stress_state","stress_state:alc_craving",0.00219462042509484
"alcbias","stress_state","alc_craving:alc_exp_relaxedYes",0.00114343658942256
"alcbias","NA_state","alc_yday:tired_state",0.106522780914978
"alcbias","NA_state","alc_yday:alc_exp_relaxedYes",0.0777983503751374
"alcbias","NA_state","tired_state:alc_mot_enhanceYes",0.0770408373911291
"alcbias","NA_state","soft_yday:tired_state",0.0599447225957789
"alcbias","NA_state","soft_intend:alc_exp_relaxedYes",0.0552051061440158
"alcbias","NA_state","alc_yday:soft_craving",0.0443509838098951
"alcbias","NA_state","alc_yday:alc_mot_enhanceYes",0.0354439979960525
"alcbias","NA_state","soft_yday:alc_mot_enhanceYes",0.0325160885211996
"alcbias","NA_state","soft_yday:alc_exp_relaxedYes",0.0303631385189725
"alcbias","NA_state","alc_today:alc_intend",0.0295461526504499
"alcbias","NA_state","soft_craving:alc_exp_relaxedYes",0.0236670387847577
"alcbias","NA_state","tired_state:alc_exp_relaxedYes",0.0222132871472362
"alcbias","NA_state","alc_intend:tired_state",0.0202949743837151
"alcbias","NA_state","alc_intend:soft_craving",0.018000575279064
"alcbias","NA_state","alc_exp_relaxedYes:alc_mot_enhanceYes",0.0176068349590914
"alcbias","NA_state","alc_intend:soft_intend",0.0168939884892501
"alcbias","NA_state","alc_intend:alc_mot_enhanceYes",0.0163314928993937
"alcbias","NA_state","alc_today:soft_craving",0.0160504338066304
"alcbias","NA_state","soft_intend:alc_craving",0.0143575505383959
"alcbias","NA_state","alc_yday:alc_craving",0.0128087558862457
"alcbias","NA_state","alc_yday:soft_yday",0.0121975939311219
"alcbias","NA_state","alc_today:soft_intend",0.0117086140511117
"alcbias","NA_state","soft_yday:alc_intend",0.0102371136004537
"alcbias","NA_state","soft_yday:soft_intend",0.00983180267377335
"alcbias","NA_state","tired_state:soft_craving",0.00979284047773038
"alcbias","NA_state","alc_intend:alc_craving",0.00940620234324813
"alcbias","NA_state","alc_today:alc_exp_relaxedYes",0.00853117245576465
"alcbias","NA_state","alc_craving:soft_craving",0.00801356383322934
"alcbias","NA_state","alc_today:alc_craving",0.00795053885783061
"alcbias","NA_state","soft_intend:tired_state",0.00723162096928994
"alcbias","NA_state","soft_craving:alc_mot_enhanceYes",0.00654327301006379
"alcbias","NA_state","alc_today:tired_state",0.00629589407901922
"alcbias","NA_state","alc_yday:soft_intend",0.00623838548287688
"alcbias","NA_state","soft_yday:alc_today",0.00618204886870122
"alcbias","NA_state","alc_intend:alc_exp_relaxedYes",0.00563059750482197
"alcbias","NA_state","alc_yday:alc_today",0.00507950774711877
"alcbias","NA_state","alc_today:alc_mot_enhanceYes",0.00455392747722531
"alcbias","NA_state","tired_state:alc_craving",0.00410660853340144
"alcbias","NA_state","soft_intend:alc_mot_enhanceYes",0.00347194658479871
"alcbias","NA_state","alc_yday:alc_intend",0.0034368995676035
"alcbias","NA_state","soft_yday:alc_craving",0.00340302065794716
"alcbias","NA_state","soft_yday:soft_craving",0.00291460134361155
"alcbias","NA_state","soft_intend:soft_craving",0.00274153385707029
"alcbias","NA_state","alc_craving:alc_mot_enhanceYes",0.00162216927302176
"alcbias","NA_state","alc_craving:alc_exp_relaxedYes",0.00123265599984265
"alcbias","PA_state","PA_state:tired_state",0.111196388314991
"alcbias","PA_state","alc_yday:alc_exp_relaxedYes",0.095987902104916
"alcbias","PA_state","alc_yday:tired_state",0.0888826166348159
"alcbias","PA_state","soft_yday:tired_state",0.0874443059149817
"alcbias","PA_state","soft_intend:alc_exp_relaxedYes",0.0585975246735368
"alcbias","PA_state","alc_yday:soft_craving",0.0500408431749059
"alcbias","PA_state","alc_today:alc_intend",0.0352413498484045
"alcbias","PA_state","PA_state:soft_yday",0.0318629528771128
"alcbias","PA_state","soft_yday:alc_exp_relaxedYes",0.025311347691543
"alcbias","PA_state","PA_state:alc_exp_relaxedYes",0.0222282244063445
"alcbias","PA_state","PA_state:alc_yday",0.0209296768215975
"alcbias","PA_state","tired_state:alc_exp_relaxedYes",0.0208786283973646
"alcbias","PA_state","alc_today:soft_craving",0.0201350471083051
"alcbias","PA_state","soft_craving:alc_exp_relaxedYes",0.0192533835150009
"alcbias","PA_state","alc_today:soft_intend",0.0148907182178016
"alcbias","PA_state","alc_today:tired_state",0.0148459244109427
"alcbias","PA_state","alc_intend:soft_craving",0.014378645266579
"alcbias","PA_state","alc_intend:tired_state",0.013823053856449
"alcbias","PA_state","alc_yday:soft_yday",0.0130661249731441
"alcbias","PA_state","tired_state:soft_craving",0.0115739934060637
"alcbias","PA_state","alc_intend:soft_intend",0.0110672691822877
"alcbias","PA_state","soft_yday:alc_today",0.010675538455379
"alcbias","PA_state","soft_intend:tired_state",0.0104327062006936
"alcbias","PA_state","alc_yday:alc_today",0.0101589602027769
"alcbias","PA_state","soft_yday:soft_intend",0.00929222402663338
"alcbias","PA_state","alc_today:alc_exp_relaxedYes",0.00912943144319256
"alcbias","PA_state","alc_yday:alc_craving",0.00871795215913137
"alcbias","PA_state","soft_intend:alc_craving",0.00834106280166027
"alcbias","PA_state","alc_yday:soft_intend",0.00826156978742843
"alcbias","PA_state","alc_craving:soft_craving",0.00825898398134581
"alcbias","PA_state","alc_today:alc_craving",0.00816185032665939
"alcbias","PA_state","soft_yday:alc_intend",0.00697873492374593
"alcbias","PA_state","alc_intend:alc_craving",0.0068996362160379
"alcbias","PA_state","soft_yday:soft_craving",0.0062698421353489
"alcbias","PA_state","PA_state:alc_today",0.00626760132969733
"alcbias","PA_state","PA_state:soft_intend",0.00570678030929248
"alcbias","PA_state","PA_state:alc_intend",0.00518789371369147
"alcbias","PA_state","tired_state:alc_craving",0.00373426635985857
"alcbias","PA_state","alc_intend:alc_exp_relaxedYes",0.00306449913942903
"alcbias","PA_state","soft_yday:alc_craving",0.00279095037991856
"alcbias","PA_state","alc_yday:alc_intend",0.00263677861316223
"alcbias","PA_state","PA_state:alc_craving",0.00234802624999902
"alcbias","PA_state","soft_intend:soft_craving",0.00204458152658309
"alcbias","PA_state","PA_state:soft_craving",0.001641150705019
"alcbias","PA_state","alc_craving:alc_exp_relaxedYes",0.00127407389223479
